事業所名,郵便番号,住所,件数
シャロームまちさがプランニング,194-0022,東京都町田市森野2－23－8,1
ケアプランセンターモリラボ横浜,224-0001,神奈川県横浜市都筑区中川3-29-18,2
ロゼホームつきみ野,242-0001,神奈川県大和市下鶴間418－2,6
ケアプラザ田園,242-0003,神奈川県大和市林間1－20－15,6
居宅支援　ゆこす,242-0003,神奈川県大和市林間2－21－5,14
SOMPOケア大和鶴間居宅介護支援,242-0004,神奈川県大和市鶴間2－11－29,1
ワーカーズ想事業所,242-0005,神奈川県大和市西鶴間1－11－15,2
さちケアマネステーション,242-0005,神奈川県大和市西鶴間1-19-16,4
さわやかケア鶴間　居宅介護支援,242-0005,神奈川県大和市西鶴間1-8-14,1
居宅介護支援センターサンホーム鶴間,242-0005,神奈川県大和市西鶴間8-1-2,2
喫茶マチカド介護とくらしの相談所,242-0006,神奈川県大和市南林間1-18-16,1
居宅介護支援ステーションはな,242-0006,神奈川県大和市南林間2-13-2,5
居宅介護支援事業所グレイス,242-0006,神奈川県大和市南林間6-4-25,2
せいわ居宅介護支援センター,242-0006,神奈川県大和市南林間9－8－9,1
ケアプランオーレ,242-0007,神奈川県大和市中央林間1-10-21,1
おかげさま,242-0007,神奈川県大和市中央林間1-13-19,1
東京海上日動みずたま介護ST中央林間ケアプランセンタ,242-0007,神奈川県大和市中央林間4-21-19,1
フラステーション居宅介護支援事業所,242-0014,神奈川県大和市上和田188-6,1
指定相談支援アットコレット大和,242-0018,神奈川県大和市深見西2-1-6,3
ケアプランセンター　うぃずYouやまと,242-0018,神奈川県大和市深見西8-2-10,1
ケアプランBambee,242-0021,神奈川県大和市中央5-6-29,2
晃風園居宅介護支援センター,242-0026,神奈川県大和市草柳2-15-1,1
おひさまケア相模,242-0028,神奈川県大和市桜森3-8-21,10
プレマ会ケアプランセンター,242-0029,神奈川県大和市上草柳186-3,2
ケアプランセンターモリラボ,242-0029,神奈川県大和市上草柳4-3-6,2
lanaケアマネステーション,243-0431,神奈川県海老名市上今泉2-8-22,1
相模台病院居宅介護支援事業所,252-0001,神奈川県座間市相模が丘6－27－30,2
ワークスケア,252-0002,神奈川県座間市小松原1‐22‐12,1
ユナイトケアプラン,252-0002,神奈川県座間市小松原2-34-17-102,1
（株）楽友舎　居宅介護支援センター,252-0003,神奈川県座間市ひばりが丘1‐73‐19,1
ケアネット座間第Ⅱ,252-0011,神奈川県座間市相武台1-50-1,1
あおば福祉サービス相武台,252-0011,神奈川県座間市相武台2-36-8,4
アズノケア座間,252-0012,神奈川県座間市広野台1－25－11,2
ベルホーム居宅支援センター,252-0013,神奈川県座間市栗原１２６１－１,1
茜ケアサービス有限会社,252-0014,神奈川県座間市栗原中央1－31－24,4
ハートケアステーション・コスモス,252-0014,神奈川県座間市栗原中央5-1-44,1
居宅介護支援事業センター栗原ホーム,252-0014,神奈川県座間市栗原中央6－1－18,1
居宅介護支援事業所ワースリビング座間,252-0021,神奈川県座間市緑ケ丘6‐5－11,1
座間市社協居宅介護支援事業所,252-0023,神奈川県座間市立野台1－1－4,1
座間ケアプランセンター,252-0023,神奈川県座間市立野台2-20-24,1
ケアサービスサンセール,252-0029,神奈川県座間市入谷西3-17-15,1
生活協同組合パルシステム神奈川ぬくもり東林間,252-0302,神奈川県相模原市南区上鶴間7-20-10,2
ケアマネステーション大空,252-0311,神奈川県相模原市南区東林間1-4-1,2
ケアプランニングルーセント,252-0314,神奈川県相模原市南区南台5-14-15,1
ケアマネステーションりあん,252-0321,神奈川県相模原市南区相模台3-11-8,6
愛心ケア居宅介護支援センター,252-0323,神奈川県相模原市南区相武台団地2-3-5,3
居宅介護支援あすか,252-0324,神奈川県相模原市南区相武台2-21-5,1
プランここなっつ,252-1137,神奈川県綾瀬市寺尾台1-1-2,1
